Disk Power (W), Time (S), 
19.758, 0.515074, 
20.074, 1.515119, 
19.620, 2.515133, 
19.787, 3.515133, 
19.320, 4.515097, 
